aspect,run1_variant_vs_baseline_pct,run2_variant_vs_baseline_pct,run3_variant_vs_baseline_pct,run4_variant_vs_baseline_pct,run5_variant_vs_baseline_pct,median_variant_vs_baseline_pct,avg_variant_vs_baseline_pct
PragmasRead,2.0168159999999999,4.4464399999999999,2.118522,1.31332,8.102112,2.118522,3.5994419999999998
PragmasWrite,13.003448000000001,3.0620720000000001,-3.7068660000000002,-1.5424800000000001,2.6701419999999998,2.6701419999999998,2.697263
PragmasMixed,-2.2033969999999998,9.0640400000000003,0.18823599999999999,9.4387489999999996,9.7720300000000009,9.0640400000000003,5.2519309999999999
SyncRead,-0.11425399999999999,-1.347146,-2.0180060000000002,-2.1903109999999999,0.19558800000000001,-1.347146,-1.0948260000000001
SyncWrite,4.7840090000000002,4.238067,-9.6351820000000004,5.964264,9.8470709999999997,4.7840090000000002,3.0396459999999998
SyncMixed,0.56767999999999996,-7.2878699999999998,-13.222498999999999,-12.200343,-7.8202299999999996,-7.8202299999999996,-7.9926519999999996
Transactions,-96.094489999999993,-96.276816999999994,-96.015701000000007,-96.073154000000002,-95.723376000000002,-96.073154000000002,-96.036708000000004
