aspect,run1_variant_vs_baseline_pct,run2_variant_vs_baseline_pct,run3_variant_vs_baseline_pct,run4_variant_vs_baseline_pct,run5_variant_vs_baseline_pct,median_variant_vs_baseline_pct,avg_variant_vs_baseline_pct
PragmasRead,-1.382463,2.1097630000000001,1.54196,3.3228650000000002,2.2858939999999999,2.1097630000000001,1.575604
PragmasWrite,5.7052339999999999,9.7882529999999992,10.614499,-6.0434489999999998,-0.16046299999999999,5.7052339999999999,3.9808150000000002
PragmasMixed,4.6956800000000003,2.3303560000000001,-1.01498,8.6199180000000002,11.142861,4.6956800000000003,5.1547669999999997
SyncRead,-0.76370899999999997,1.023102,-3.6551330000000002,-17.322022,0.070566000000000004,-0.76370899999999997,-4.1294389999999996
SyncWrite,-2.1733389999999999,-3.0927090000000002,3.687376,3.0944470000000002,6.2302179999999998,3.0944470000000002,1.549199
SyncMixed,-1.6558409999999999,0.65230699999999997,1.978361,-18.034953000000002,-2.8112539999999999,-1.6558409999999999,-3.9742760000000001
Transactions,-96.225091000000006,-96.090315000000004,-95.747805,-95.144217999999995,-96.528081,-96.090315000000004,-95.947102000000001
