aspect,run1_variant_vs_baseline_pct,run2_variant_vs_baseline_pct,run3_variant_vs_baseline_pct,run4_variant_vs_baseline_pct,run5_variant_vs_baseline_pct,median_variant_vs_baseline_pct,avg_variant_vs_baseline_pct
PragmasRead,1.765326,3.90503,7.8530670000000002,1.058073,-1.6125039999999999,1.765326,2.593798
PragmasWrite,-0.95415899999999998,1.6949939999999999,0.13725799999999999,0.67807099999999998,4.8019869999999996,0.67807099999999998,1.27163
PragmasMixed,-5.0018060000000002,-0.22387000000000001,0.83755100000000005,-1.546451,1.1671020000000001,-0.22387000000000001,-0.95349499999999998
SyncRead,-0.83493099999999998,3.283658,-2.576524,-1.5746439999999999,-5.971387,-1.5746439999999999,-1.5347660000000001
SyncWrite,-17.193669,-4.7333439999999998,-2.4772120000000002,0.56378399999999995,-8.8541620000000005,-4.7333439999999998,-6.5389210000000002
SyncMixed,0.091253000000000001,-0.77570799999999995,-9.5653489999999994,-4.110487,-5.5996420000000002,-4.110487,-3.991987
Transactions,-96.091997000000006,-95.951646999999994,-96.245343000000005,-95.906058000000002,-95.880706000000004,-95.951646999999994,-96.015150000000006
