aspect,run1_variant_vs_baseline_pct,run2_variant_vs_baseline_pct,run3_variant_vs_baseline_pct,run4_variant_vs_baseline_pct,run5_variant_vs_baseline_pct,median_variant_vs_baseline_pct,avg_variant_vs_baseline_pct
PragmasRead,0.026817000000000001,-0.16985,1.995271,0.60509999999999997,10.25582,0.60509999999999997,2.5426310000000001
PragmasWrite,9.3202069999999999,-5.8269489999999999,-3.780392,-3.2601170000000002,-3.824087,-3.780392,-1.474267
PragmasMixed,-5.7223139999999999,2.9318949999999999,3.211214,2.5771790000000001,1.92452,2.5771790000000001,0.98449900000000001
SyncRead,0.18060499999999999,0.39441999999999999,-2.431384,-0.45048700000000003,0.34077400000000002,0.18060499999999999,-0.39321400000000001
SyncWrite,-0.97919800000000001,-4.0917729999999999,1.338911,-4.8372700000000002,10.562222999999999,-0.97919800000000001,0.39857900000000002
SyncMixed,0.34918399999999999,4.0038609999999997,-5.3588649999999998,-1.6819809999999999,-0.40312100000000001,-0.40312100000000001,-0.61818399999999996
Transactions,-95.240711000000005,-95.402613000000002,-95.881379999999993,-95.903637000000003,-95.856199000000004,-95.856199000000004,-95.656908000000001
