aspect,run1_variant_vs_baseline_pct,run2_variant_vs_baseline_pct,run3_variant_vs_baseline_pct,run4_variant_vs_baseline_pct,run5_variant_vs_baseline_pct,median_variant_vs_baseline_pct,avg_variant_vs_baseline_pct
PragmasRead,2.733428,1.933357,0.28146399999999999,0.66419099999999998,1.1254249999999999,1.1254249999999999,1.3475729999999999
PragmasWrite,5.2070030000000003,10.928913,1.4505889999999999,11.147382,-9.3628850000000003,5.2070030000000003,3.8742000000000001
PragmasMixed,0.10847999999999999,3.127481,2.9688859999999999,2.5691320000000002,-1.9173800000000001,2.5691320000000002,1.3713200000000001
SyncRead,-0.93372100000000002,0.29253800000000002,-0.12629799999999999,-1.66967,21.786563000000001,-0.12629799999999999,3.869882
SyncWrite,4.5478189999999996,-3.7213029999999998,14.646477000000001,4.4308959999999997,-2.5161950000000002,4.4308959999999997,3.4775390000000002
SyncMixed,0.16996600000000001,-2.7095940000000001,-1.6005739999999999,-1.1355090000000001,-1.514786,-1.514786,-1.3580989999999999
Transactions,-96.231504999999999,-95.811758999999995,-95.901342,-95.760751999999997,-96.003918999999996,-95.901342,-95.941855000000004
